Raw value,Corresponding cumulative value,Corresponding Cloglog value,Fractional area,Training omission,Test omission
2.49889E-11,0.000000002,0.000011534,1,0,0
2.50104E-11,0.000000005,0.000011544,0.999998762,0,0
2.50571E-11,0.00000001,0.000011565,0.999996287,0,0
2.51276E-11,0.000000025,0.000011598,0.999988862,0,0
2.54252E-11,0.000000101,0.000011735,0.999951736,0,0
2.56609E-11,0.000000252,0.000011844,0.999878721,0,0
2.64889E-11,0.000001001,0.000012226,0.999523546,0,0
2.84426E-11,0.000002501,0.000013128,0.99884661,0,0
3.50069E-11,0.000010001,0.000016158,0.995932198,0,0
4.05564E-11,0.000025002,0.000018719,0.991064943,0,0
4.69045E-11,0.000050004,0.000021649,0.983984961,0,0
5.46721E-11,0.000100004,0.000025235,0.971786504,0,0
7.90281E-11,0.000250003,0.000036476,0.943589096,0,0
1.26261E-10,0.000500004,0.000058276,0.912848538,0,0
2.52233E-10,0.001000003,0.000116416,0.878077304,0,0
8.52364E-10,0.002500079,0.000393346,0.837666589,0,0
2.14122E-9,0.005000116,0.000987829,0.815530664,0,0
4.41253E-9,0.010000222,0.00203461,0.795863638,0,0
1.16955E-8,0.025000322,0.005383705,0.770232893,0,0
2.17668E-8,0.050000154,0.009996571,0.751464322,0,0
4.0455E-8,0.10000371,0.01849946,0.731256489,0,0
8.10707E-8,0.200001955,0.036728147,0.710642742,0.000129782,0.000250299
1.06149E-7,0.300005815,0.047813838,0.697412175,0.000512949,0.00055622
1.29435E-7,0.400010872,0.057993234,0.686867074,0.000735433,0.000889952
1.52668E-7,0.500011523,0.068041307,0.678073097,0.00116186,0.001418361
1.737E-7,0.600001028,0.077044493,0.670505524,0.00176133,0.00194677
1.89729E-7,0.700004031,0.083847734,0.66369904,0.002397881,0.002363935
1.97192E-7,0.750007185,0.086998124,0.660499992,0.002669806,0.002614234
2.0468E-7,0.800015932,0.09014812,0.657420986,0.003015892,0.002808911
2.17295E-7,0.90001738,0.095430726,0.651553797,0.003578282,0.003226076
2.29378E-7,1.0000047,0.100461417,0.646015794,0.00402943,0.004004783
2.40326E-7,1.10001259,0.104995475,0.640747575,0.004449677,0.004366326
2.5116E-7,1.200020961,0.109460014,0.635712014,0.004894645,0.004894735
2.61185E-7,1.300011215,0.113571299,0.630880648,0.005416864,0.005256278
2.71928E-7,1.40000172,0.117955791,0.626237388,0.005877282,0.005895931
2.82529E-7,1.500009581,0.122261172,0.621772334,0.00635006,0.006368718
3.08256E-7,1.750002465,0.132622433,0.611299011,0.007796205,0.007926134
3.32731E-7,2.000018182,0.142365956,0.601641229,0.009183639,0.009622605
3.57518E-7,2.250003153,0.152122261,0.592669045,0.011195264,0.012236838
3.82919E-7,2.500005091,0.162004838,0.584310683,0.01328414,0.014378285
4.08594E-7,2.750028655,0.171877213,0.576488176,0.015496618,0.016603165
4.34861E-7,3.000004681,0.181856629,0.569149548,0.017879049,0.018800234
4.63083E-7,3.250021766,0.1924451,0.562251486,0.020103888,0.021080735
4.90376E-7,3.500047955,0.202554455,0.555760575,0.022112422,0.023333426
5.17754E-7,3.750045918,0.212568063,0.549622364,0.023805772,0.025085519
5.44171E-7,4.000033618,0.222111098,0.543794776,0.025514571,0.026392636
5.71924E-7,4.250056695,0.232012497,0.538249348,0.027238821,0.028311594
5.98866E-7,4.500016343,0.241503484,0.532966278,0.028839469,0.029674333
6.26062E-7,4.75004536,0.250965438,0.527913392,0.030369045,0.031287371
6.54396E-7,5.000003245,0.26069739,0.523080788,0.032148916,0.03348444
6.82298E-7,5.250068187,0.270157753,0.518448666,0.034355214,0.035987429
7.09013E-7,5.500022973,0.279101993,0.514003413,0.036678934,0.038101065
7.33935E-7,5.75003941,0.287346979,0.509715328,0.039061365,0.040075646
7.58373E-7,6.000053801,0.295340528,0.505568323,0.041610659,0.042495203
7.83625E-7,6.250046524,0.303505953,0.50155621,0.044246475,0.044553216
8.09273E-7,6.500059816,0.311702495,0.497671564,0.046978082,0.047223072
8.34775E-7,6.750077027,0.319756821,0.493906959,0.049842562,0.050004172
8.59974E-7,7.000028685,0.327622971,0.490256208,0.052601979,0.052840893
8.86031E-7,7.250010795,0.33566134,0.486711886,0.05550354,0.055343883
9.12762E-7,7.500069032,0.343807584,0.483270281,0.058337119,0.057791251
9.38853E-7,7.75008313,0.351662808,0.479927678,0.061115077,0.060683594
9.65141E-7,8.000087758,0.359481802,0.476677891,0.063917755,0.063742804
9.90875E-7,8.250021229,0.367044866,0.473514732,0.066927467,0.066273605
1.01684E-6,8.500058592,0.374584161,0.470432014,0.069764136,0.069249381
1.04191E-6,8.750066079,0.381781282,0.467426023,0.072542094,0.072113914
1.06779E-6,9.00009476,0.389121536,0.464491809,0.075561076,0.075590288
1.09208E-6,9.25002735,0.395931297,0.461628136,0.078422466,0.078260144
1.11571E-6,9.500069841,0.402485429,0.458825102,0.081252955,0.081013433
1.1379E-6,9.750081442,0.408572979,0.456078995,0.084030913,0.083516422
1.15872E-6,10.000027171,0.414229884,0.453384865,0.086700719,0.085852546
1.17873E-6,10.250018636,0.419614571,0.450737761,0.089441596,0.089217677
1.19741E-6,10.500020397,0.424597998,0.448133971,0.092414228,0.091943154
1.21581E-6,10.750056273,0.429462728,0.445569783,0.095380679,0.094724254
1.23339E-6,11.000009658,0.434073902,0.443043959,0.0983255,0.097588787
1.25144E-6,11.250098658,0.438770085,0.440552786,0.101264141,0.100425508
1.26882E-6,11.500084297,0.443253717,0.438097501,0.104035919,0.103429096
1.28615E-6,11.750038878,0.447688663,0.43567563,0.106705725,0.106293629
1.30389E-6,12.000105092,0.452193363,0.433285935,0.109421882,0.108880051
1.32078E-6,12.250108271,0.456447604,0.430928417,0.112036067,0.11163334
1.33768E-6,12.500039009,0.460670243,0.428601837,0.114783125,0.113830409
1.35449E-6,12.750017767,0.464838781,0.42630372,0.117242807,0.115999666
1.37062E-6,13.000052642,0.468808817,0.42403283,0.119767381,0.118864199
1.38682E-6,13.250124982,0.472767161,0.421787927,0.122295044,0.121700921
1.40287E-6,13.500108681,0.476657854,0.419570251,0.124856699,0.124259532
1.41912E-6,13.750119801,0.480568171,0.417377325,0.127415263,0.126957199
1.43653E-6,14.000143072,0.48472674,0.415210388,0.129949107,0.129599244
1.45269E-6,14.250068757,0.488553897,0.41306944,0.132482951,0.131907556
1.46973E-6,14.500100736,0.492561179,0.410952004,0.134988984,0.134327113
1.4865E-6,14.750064374,0.49647302,0.40885932,0.137461027,0.136579804
1.50366E-6,15.000025399,0.500446477,0.406790149,0.139892899,0.138832494
1.51958E-6,15.250049901,0.504103903,0.404743253,0.142389662,0.141196429
1.5364E-6,15.500133016,0.507938276,0.402717396,0.144812264,0.143504742
1.55271E-6,15.750003922,0.511628783,0.400715052,0.147305937,0.145618378
1.56905E-6,16.000070096,0.515299427,0.398732509,0.14979652,0.148149178
1.58584E-6,16.250097337,0.519040553,0.396771004,0.152277833,0.151180577
1.60194E-6,16.500049698,0.522600692,0.394830537,0.155065061,0.153627944
1.61871E-6,16.750149827,0.526282735,0.392908633,0.157747227,0.156409044
1.63581E-6,17.000110587,0.530006875,0.391007768,0.160454114,0.158856412
1.65374E-6,17.25010781,0.533881174,0.389126703,0.163207352,0.161526267
1.67008E-6,17.500052569,0.537383586,0.387265439,0.16597295,0.164557666
1.68736E-6,17.750052571,0.541056821,0.385422738,0.168797259,0.167366577
1.70405E-6,18.0000082,0.544579476,0.383598601,0.171643198,0.170592652
1.72165E-6,18.250080995,0.548264953,0.381791788,0.174504587,0.173429374
1.73928E-6,18.500116252,0.551925456,0.380003539,0.177365977,0.176572017
1.75746E-6,18.750134513,0.555668793,0.378233853,0.180017242,0.179631226
1.77482E-6,19.000027113,0.559214826,0.376482731,0.182878632,0.182356704
1.79185E-6,19.250045396,0.562666595,0.374747696,0.185783282,0.184692828
1.80854E-6,19.500111425,0.566022044,0.373028749,0.188598321,0.187418305
1.82489E-6,19.750080859,0.569285869,0.371325891,0.191475161,0.190394082
1.84162E-6,20.000115448,0.572599377,0.369637883,0.194271659,0.193063937
1.85835E-6,20.250069939,0.575885993,0.367965963,0.197129958,0.195872848
1.87438E-6,20.500149426,0.579013698,0.366307656,0.20011186,0.198514893
1.89091E-6,20.750187142,0.582213322,0.364664199,0.20300415,0.20124037
1.90711E-6,21.000088173,0.585324556,0.363035593,0.205766658,0.203993659
1.92326E-6,21.250027073,0.588404826,0.3614206,0.208643497,0.206997247
1.93948E-6,21.500135863,0.591473868,0.359817982,0.211486347,0.209583669
1.95559E-6,21.750018282,0.594500773,0.358230215,0.214406447,0.212142281
1.9719E-6,22.000002912,0.597542222,0.356654823,0.217172045,0.215201491
1.98779E-6,22.250040179,0.600482804,0.355091807,0.220064335,0.218177267
2.00443E-6,22.500167621,0.603540698,0.353541166,0.222882464,0.220958367
2.02021E-6,22.750112072,0.60641793,0.352004138,0.225703682,0.224045388
2.03608E-6,23.000168427,0.609290285,0.350478248,0.228605243,0.226826487
2.05175E-6,23.250162036,0.612105163,0.348964734,0.231438822,0.230135996
2.06562E-6,23.500097164,0.614581077,0.347462357,0.234297121,0.232805851
2.07988E-6,23.750068239,0.617108275,0.345969881,0.237204861,0.235586951
2.09405E-6,24.000110768,0.61960605,0.344487305,0.240128052,0.238006508
2.10834E-6,24.250133493,0.622105181,0.343014629,0.242952361,0.240759796
2.12162E-6,24.500139197,0.624415588,0.341551854,0.245884821,0.243318408
2.13372E-6,24.75012912,0.626507491,0.340097741,0.24871531,0.246627917
2.14588E-6,25.000048272,0.628597028,0.338652291,0.251490178,0.249742748
2.15781E-6,25.250091555,0.63063658,0.337214267,0.254367018,0.25257947
2.16973E-6,25.500005884,0.632664219,0.335784905,0.257188237,0.255527436
2.18132E-6,25.750205114,0.634623271,0.334361731,0.260018726,0.258364157
2.19282E-6,26.000215635,0.636558133,0.33294722,0.262901746,0.261145257
2.20372E-6,26.250170161,0.638382325,0.331540134,0.265744595,0.264287899
2.21447E-6,26.50003131,0.640171731,0.330140473,0.268575084,0.266957755
2.22523E-6,26.750195996,0.641953886,0.328745763,0.271383942,0.270100398
2.23524E-6,27.000215484,0.643603839,0.327358478,0.274214431,0.272770253
2.24521E-6,27.250223645,0.645240882,0.32597738,0.27704492,0.275217621
2.25462E-6,27.500193139,0.646778885,0.32460247,0.279897039,0.277887477
2.26408E-6,27.750081726,0.648317357,0.323233748,0.282749159,0.280668576
2.27359E-6,28.000102427,0.649857321,0.321869976,0.285486946,0.283588731
2.28308E-6,28.250025281,0.651387856,0.320512392,0.288264904,0.286731374
2.29182E-6,28.500048542,0.652791607,0.319159758,0.291126294,0.289317796
2.30065E-6,28.750112662,0.654203023,0.317812074,0.293947512,0.292071085
2.30949E-6,29.000221492,0.655611736,0.316469341,0.296824352,0.294462831
2.31827E-6,29.250132524,0.657003909,0.315132795,0.29961467,0.297466418
2.32688E-6,29.500046583,0.658365629,0.313801199,0.30248533,0.300219707
2.33486E-6,29.75015459,0.659620421,0.312473315,0.30535599,0.302667075
2.34304E-6,30.000189043,0.660904463,0.311150382,0.308186479,0.305364741
2.35144E-6,30.250168605,0.662215508,0.3098324,0.310952076,0.308284896
2.35935E-6,30.500074406,0.663447456,0.308519367,0.313723854,0.311232861
2.36683E-6,30.750108104,0.664606736,0.307210047,0.316545073,0.313596796
2.37412E-6,31.000206459,0.665733643,0.305904439,0.319363202,0.316238841
2.38152E-6,31.250105783,0.666872995,0.304603782,0.32212571,0.319047751
2.38815E-6,31.500033684,0.667891511,0.303306838,0.324906758,0.321856662
2.39489E-6,31.750191003,0.668922917,0.302012368,0.327653815,0.32458214
2.40152E-6,32.000079258,0.669934998,0.300722849,0.330379242,0.327502294
2.40844E-6,32.250194998,0.670986765,0.299435804,0.33313557,0.330199961
2.41485E-6,32.500049043,0.671959072,0.29815371,0.335959879,0.332480463
2.4216E-6,32.750099736,0.6729794,0.296874091,0.338768737,0.334566288
2.42828E-6,33.000122381,0.673985954,0.295598185,0.341571416,0.3368746
2.4342E-6,33.250044766,0.674876105,0.294325991,0.344299933,0.339822566
2.44069E-6,33.50012321,0.675847915,0.293056272,0.347074801,0.342297745
2.44691E-6,33.750130415,0.67677727,0.291790266,0.349828039,0.345162277
2.45296E-6,34.000025,0.677678792,0.290527973,0.352534925,0.348221487
2.45868E-6,34.250030627,0.678529049,0.289268154,0.355235632,0.351252885
2.46468E-6,34.500140049,0.679418195,0.288010811,0.357970329,0.353950552
2.47029E-6,34.750109334,0.680247269,0.286757181,0.360720477,0.35667603
2.47571E-6,35.000129649,0.681045337,0.285506025,0.363393373,0.359679617
2.48129E-6,35.25021633,0.681866478,0.284257345,0.366155881,0.362182607
2.48649E-6,35.500096059,0.682629553,0.283012377,0.368844227,0.365214006
2.49142E-6,35.750232238,0.683350881,0.281768646,0.371544934,0.368022916
2.49637E-6,36.000127891,0.684072926,0.280528629,0.3741962,0.371082126
2.50106E-6,36.250001434,0.684755826,0.279291086,0.376887636,0.374057902
2.50582E-6,36.500097427,0.685448392,0.278054781,0.379541992,0.377144923
2.51057E-6,36.750158605,0.68613683,0.276820951,0.382208708,0.379814779
2.51518E-6,37.000196048,0.686803563,0.275589596,0.384875424,0.382595878
2.52006E-6,37.250200444,0.687508303,0.274360716,0.387613212,0.384820758
2.52456E-6,37.500163275,0.688156271,0.273134312,0.390295378,0.387629669
2.52915E-6,37.750063495,0.688816212,0.271910382,0.393017715,0.390216091
2.53355E-6,38.000164716,0.689447927,0.27068769,0.395693702,0.392997191
2.53788E-6,38.250188392,0.690068143,0.269467473,0.398344967,0.395833913
2.54198E-6,38.500114471,0.690653611,0.268249731,0.401064214,0.397919737
2.54602E-6,38.750190349,0.69123101,0.267033227,0.4037093,0.400728648
2.55029E-6,39.000161757,0.691839092,0.265819198,0.406360566,0.403509748
2.55426E-6,39.25002918,0.692401983,0.264607643,0.409073633,0.405901493
2.55788E-6,39.500017558,0.692916746,0.263397327,0.411743439,0.40859916
2.56144E-6,39.750102106,0.693420767,0.262188248,0.414394705,0.411686181
2.56477E-6,40.000000191,0.693890747,0.260981644,0.417092322,0.414105737
2.56804E-6,40.250225925,0.694352355,0.25977504,0.419802298,0.416441861
2.57136E-6,40.500256101,0.694820573,0.258570911,0.422462834,0.419167339
2.57447E-6,40.750091173,0.695258467,0.257369257,0.425064659,0.42228217
2.57753E-6,41.000218695,0.695689098,0.256167603,0.427774636,0.424423617
2.58043E-6,41.250119374,0.696096021,0.254968424,0.430432082,0.42701004
2.58321E-6,41.500038195,0.696485482,0.253770483,0.433142059,0.429234919
2.58596E-6,41.750228195,0.69687062,0.252572542,0.435796415,0.432016019
2.58883E-6,42.000169059,0.697271338,0.251377076,0.438466221,0.434685875
2.59145E-6,42.25011598,0.6976371,0.250182847,0.441095857,0.43763384
2.59416E-6,42.500060499,0.698016038,0.248989856,0.443722402,0.440442751
2.59656E-6,42.750253817,0.698350336,0.247796865,0.446364398,0.443223851
2.59906E-6,43.000162754,0.698697673,0.246606349,0.449024934,0.445810273
2.60127E-6,43.250038319,0.699005224,0.24541707,0.451673109,0.448285452
2.60374E-6,43.500139686,0.699347936,0.244227792,0.454284205,0.451205607
2.60615E-6,43.750216878,0.699681974,0.243039751,0.45691693,0.453986706
2.60844E-6,44.000258985,0.699999511,0.241852948,0.459558926,0.456656562
2.61091E-6,44.250005161,0.700341782,0.24066862,0.462247272,0.458881442
2.61333E-6,44.500245237,0.700675877,0.239483054,0.464892358,0.461551297
2.61568E-6,44.750192949,0.701000713,0.238299963,0.467525084,0.464221153
2.61798E-6,45.000106514,0.701317877,0.23711811,0.470160899,0.46691882
2.6203E-6,45.250238372,0.701637737,0.235936257,0.472799805,0.469505242
2.62264E-6,45.500065597,0.701959983,0.234756879,0.47543562,0.472175098
2.62494E-6,45.750111247,0.702275809,0.2335775,0.478009635,0.475178686
2.62729E-6,46.000118319,0.702598963,0.23239936,0.48063927,0.477709486
2.6296E-6,46.250083421,0.702915811,0.231222457,0.483222555,0.480768696
2.63191E-6,46.500004356,0.703231665,0.230046791,0.48583365,0.483521985
2.63423E-6,46.750146793,0.703549433,0.228871126,0.488469466,0.486080596
2.63658E-6,47.000244758,0.703871084,0.227696698,0.491086741,0.488500153
2.6388E-6,47.250040215,0.704174672,0.226524745,0.493654575,0.491392497
2.64095E-6,47.500040303,0.70446831,0.225352792,0.49624095,0.494062352
2.64306E-6,47.750236041,0.70475551,0.22418084,0.498855135,0.496704397
2.64505E-6,48.000096439,0.705026851,0.223011362,0.50146932,0.499151765
2.64714E-6,48.250151163,0.705310625,0.221841884,0.504108226,0.501432266
2.64923E-6,48.500138993,0.705595488,0.220673644,0.506697691,0.504157744
2.65135E-6,48.75006196,0.705883553,0.219506641,0.509296426,0.506744167
2.65345E-6,49.000182004,0.706167952,0.218339639,0.511895161,0.509414022
2.65553E-6,49.250235044,0.706449294,0.217173873,0.514521706,0.511805768
2.65748E-6,49.500211691,0.706714115,0.216009346,0.517111171,0.514308758
2.65962E-6,49.750115884,0.707002946,0.214846056,0.519679005,0.517062046
2.66174E-6,50.000220853,0.707290181,0.213682766,0.52227156,0.519648469
2.66374E-6,50.250253194,0.707559578,0.212520713,0.524842485,0.522401758
2.66585E-6,50.500211378,0.707844873,0.211359898,0.527391779,0.525210668
2.66796E-6,50.750102489,0.708129773,0.210200321,0.530036864,0.527324304
2.67016E-6,51.000188561,0.708425125,0.209040744,0.532629419,0.529827294
2.67218E-6,51.250210266,0.708697348,0.207882404,0.535221974,0.532330283
2.67421E-6,51.50015641,0.708969711,0.206725301,0.537839249,0.534666407
2.67628E-6,51.750022394,0.70924736,0.205569437,0.540379273,0.53753094
2.67834E-6,52.000085582,0.709523537,0.204413572,0.542944018,0.540172984
2.68047E-6,52.250073962,0.709809175,0.203258945,0.545480951,0.543037517
2.6826E-6,52.500260542,0.710095251,0.202104317,0.548067326,0.545596129
2.68455E-6,52.75010107,0.710356152,0.200952165,0.550672241,0.547904441
2.68661E-6,53.000127972,0.710630374,0.199800013,0.553249346,0.550463053
2.6887E-6,53.250076642,0.710909299,0.198649099,0.555773919,0.553271964
2.69067E-6,53.500213535,0.711172598,0.197498184,0.558335574,0.555886197
2.6927E-6,53.750001627,0.711443468,0.196349744,0.560906498,0.558444809
2.69475E-6,54.000246849,0.711715969,0.195200067,0.563495963,0.560836555
2.6968E-6,54.250145136,0.71198914,0.194052865,0.566082338,0.563089245
2.69862E-6,54.500223647,0.712231025,0.192905663,0.568631632,0.565620046
2.7006E-6,54.750205615,0.712492955,0.191759699,0.571208736,0.568123036
2.7025E-6,55.000101207,0.712744789,0.190614972,0.57374567,0.570792892
2.70438E-6,55.250169375,0.712994099,0.189470245,0.576341315,0.573017771
2.70627E-6,55.500143064,0.713245318,0.188326756,0.578906059,0.57549295
2.70808E-6,55.750015833,0.713484016,0.187184504,0.581452263,0.578051562
2.70987E-6,56.000053762,0.713721039,0.186042252,0.583998467,0.580777039
2.71161E-6,56.250255137,0.713951054,0.1849,0.586516861,0.583725005
2.71338E-6,56.500073807,0.714183795,0.183760224,0.589007444,0.586784214
2.7152E-6,56.75006143,0.714424117,0.182620447,0.591599999,0.588953472
2.71703E-6,57.000217246,0.714665968,0.18148067,0.594118392,0.591873627
2.71888E-6,57.250269754,0.714908589,0.180342131,0.596667686,0.594432239
2.72067E-6,57.500215988,0.715143896,0.179204829,0.59921698,0.596879606
2.72254E-6,57.750061777,0.71538961,0.178068765,0.601741554,0.599632895
2.7243E-6,58.000071549,0.715620977,0.176932701,0.604256858,0.602413994
2.72614E-6,58.250245151,0.715862671,0.175796637,0.606796882,0.605000417
2.7279E-6,58.500040953,0.716094001,0.174663048,0.609330725,0.607642462
2.72967E-6,58.750000461,0.716325648,0.173529459,0.611861479,0.610256695
2.73141E-6,59.000121605,0.716552874,0.17239587,0.614345882,0.61317685
2.7332E-6,59.250128901,0.716787203,0.171263519,0.616879726,0.615707651
2.73501E-6,59.500024573,0.71702375,0.170132405,0.61941666,0.61821064
2.73681E-6,59.750085725,0.71725893,0.169001291,0.621928873,0.620936118
2.73865E-6,60.000041485,0.717498457,0.167871414,0.624496708,0.623133187
2.74027E-6,60.250154867,0.717710425,0.166741538,0.627030551,0.625663988
2.74215E-6,60.500153013,0.717954132,0.165612899,0.629570575,0.628139166
2.74393E-6,60.750044061,0.718186709,0.164485498,0.6321415,0.630308424
2.74567E-6,61.000095102,0.718413211,0.163358097,0.634659893,0.632867036
2.74752E-6,61.250038815,0.718653203,0.162231933,0.637156656,0.635564702
2.74937E-6,61.500144752,0.718892984,0.161105769,0.639644149,0.638401424
2.75116E-6,61.750143519,0.719125848,0.159980843,0.642165633,0.640960036
2.75295E-6,62.00003248,0.719357754,0.158857154,0.644727287,0.643157104
2.7547E-6,62.25008061,0.719583807,0.157733466,0.647245681,0.645660094
2.75652E-6,62.500015712,0.719818774,0.156611014,0.649791885,0.647884974
2.75835E-6,62.750114209,0.720056156,0.155488563,0.652285558,0.650527018
2.76017E-6,63.000101441,0.720291366,0.15436735,0.654791591,0.653002197
2.76202E-6,63.25025813,0.720529729,0.153246136,0.657334705,0.655115833
2.76383E-6,63.500025628,0.720762459,0.152127398,0.659846919,0.657535389
2.76558E-6,63.750233438,0.720988473,0.151007422,0.662368402,0.659760269
2.76731E-6,64.000041208,0.721210681,0.149889921,0.664862075,0.662318881
2.76905E-6,64.250005667,0.721435363,0.14877242,0.667349568,0.664905304
2.77079E-6,64.500130664,0.721658812,0.147654919,0.669846332,0.667519537
2.77248E-6,64.750130543,0.721875279,0.146538655,0.672361635,0.66982785
2.77425E-6,65.00000857,0.722102291,0.145423629,0.674805867,0.672831438
2.77603E-6,65.250050262,0.722330816,0.144308604,0.67728409,0.675390049
2.77777E-6,65.500248567,0.722553334,0.143193578,0.679725232,0.678310204
2.7796E-6,65.750054533,0.722788784,0.142081027,0.682228176,0.680785383
2.78146E-6,66.000025438,0.723025913,0.140968476,0.684749659,0.683038073
2.78325E-6,66.250160871,0.723255113,0.139855925,0.687258783,0.685429819
2.78514E-6,66.500182748,0.723495872,0.138744612,0.689737006,0.688044053
2.78695E-6,66.750091864,0.723726854,0.137634536,0.692246129,0.690380176
2.78871E-6,67.000160677,0.723951564,0.136524461,0.694724352,0.69299441
2.79061E-6,67.250113747,0.724193271,0.135415622,0.697214935,0.695358345
2.79263E-6,67.500243931,0.724450593,0.134306784,0.699677707,0.697972578
2.79448E-6,67.750266408,0.724685187,0.133199184,0.70213739,0.700642434
2.7964E-6,68.000180763,0.724929212,0.132092821,0.704618703,0.70303418
2.79824E-6,68.2502583,0.725162988,0.130986458,0.707090746,0.705592791
2.80004E-6,68.500222128,0.72539129,0.129881332,0.709578239,0.707984537
2.80186E-6,68.750066498,0.725621254,0.128777444,0.712056461,0.710431905
2.8038E-6,69.000080544,0.725867975,0.127673556,0.714547045,0.712740217
2.80567E-6,69.250262768,0.726103277,0.126569668,0.717031447,0.715076341
2.80757E-6,69.500051433,0.72634372,0.125468255,0.71947877,0.717746197
2.80949E-6,69.750011535,0.726586173,0.124366842,0.721947722,0.720249187
2.81147E-6,70.000146645,0.726836183,0.123265429,0.724422855,0.722613121
2.81355E-6,70.250177271,0.727097899,0.122165254,0.726894898,0.725032678
2.81546E-6,70.50010445,0.72733934,0.121066316,0.72934222,0.727674723
2.8174E-6,70.750203902,0.727582772,0.119967378,0.731795723,0.730205523
2.81927E-6,71.000190463,0.727817433,0.118869678,0.734230685,0.732875379
2.82136E-6,71.25007214,0.728080288,0.117773215,0.736650197,0.735573046
2.82344E-6,71.500137108,0.728340782,0.116676753,0.739122239,0.737881358
2.8256E-6,71.750110094,0.728612453,0.115581527,0.741560292,0.740467781
2.8277E-6,72.000268116,0.72887523,0.114486302,0.744053965,0.742553606
2.8297E-6,72.250040826,0.729124749,0.113393552,0.746513647,0.74491754
2.8319E-6,72.500001818,0.729399676,0.112300802,0.74899187,0.74714242
2.8341E-6,72.750155662,0.72967446,0.111208052,0.751411382,0.749867898
2.83627E-6,73.000216608,0.729945041,0.110116539,0.753843254,0.752482131
2.83842E-6,73.250187271,0.730213045,0.109026264,0.756299846,0.754818255
2.84055E-6,73.500062236,0.730477631,0.107937227,0.758725538,0.757432489
2.84273E-6,73.750125781,0.73074942,0.106848189,0.76112342,0.760324832
2.84497E-6,74.000098219,0.731027763,0.105760389,0.763555292,0.762800011
2.8473E-6,74.250270969,0.731316704,0.10467259,0.765953173,0.765581111
2.8495E-6,74.500075244,0.731589414,0.103587265,0.768428306,0.767611314
2.85179E-6,74.750080219,0.731873424,0.10250194,0.770826188,0.770336791
2.85394E-6,75.000274489,0.732138305,0.101416615,0.7732766,0.772561671
2.85616E-6,75.250093553,0.732412971,0.100333765,0.775680662,0.775175905
2.85854E-6,75.500111472,0.732707487,0.099250915,0.778081633,0.77784576
2.8609E-6,75.750050231,0.732997813,0.098169303,0.780491875,0.780432183
2.86324E-6,76.000195621,0.733286647,0.097087691,0.782926837,0.782712685
2.86562E-6,76.25026038,0.733579399,0.096007316,0.785364889,0.784993186
2.86792E-6,76.500243965,0.733861338,0.094928179,0.787806031,0.787273688
2.87023E-6,76.750139491,0.734144833,0.09385028,0.790197733,0.789943544
2.87269E-6,77.000242005,0.734447484,0.09277238,0.792635785,0.792196234
2.87506E-6,77.250266803,0.734737009,0.091695718,0.795089287,0.794282059
2.87737E-6,77.500209567,0.735020427,0.090620293,0.797508799,0.79653475
2.87982E-6,77.75007198,0.735318858,0.089546107,0.799922131,0.798787441
2.88233E-6,78.000147926,0.735625741,0.08847192,0.802304562,0.801457296
2.88478E-6,78.250151269,0.735924532,0.08739897,0.804714804,0.80379342
2.88748E-6,78.500091329,0.736253771,0.086327258,0.807109595,0.806212977
2.8899E-6,78.750251229,0.736548475,0.085255546,0.809504386,0.808688155
2.8925E-6,79.000050293,0.73686458,0.08418631,0.811859007,0.811358011
2.89494E-6,79.250067595,0.737159974,0.083117073,0.814241438,0.813916623
2.89753E-6,79.500013742,0.737474573,0.082049074,0.81663005,0.816336179
2.90016E-6,79.750183454,0.737792562,0.080981074,0.819024841,0.818727925
2.90293E-6,80.000005556,0.738127385,0.07991555,0.821469073,0.820591262
2.90564E-6,80.250065789,0.738455338,0.078850026,0.823845324,0.823010818
2.90833E-6,80.500066233,0.738780034,0.077785739,0.826261746,0.825068832
2.91129E-6,80.750019654,0.739135826,0.07672269,0.828644177,0.827432767
2.91395E-6,81.000212983,0.73945596,0.075659641,0.831063689,0.829435159
2.91679E-6,81.250058519,0.739797896,0.074599067,0.833501741,0.831270684
2.91985E-6,81.500156394,0.740164545,0.073538493,0.835915073,0.833328698
2.92284E-6,81.750224797,0.7405229,0.072479157,0.838260424,0.835942932
2.92567E-6,82.000247907,0.74086161,0.071421058,0.840602684,0.838584976
2.92857E-6,82.250222306,0.741208832,0.070364196,0.842941854,0.84119921
2.9315E-6,82.50015349,0.741558442,0.069308573,0.845265575,0.843924688
2.93461E-6,82.750047692,0.741928516,0.068254186,0.847651096,0.846038324
2.93766E-6,83.000200631,0.742292211,0.0671998,0.850011897,0.84845788
2.94065E-6,83.250024781,0.742647295,0.066147889,0.852385058,0.85068276
2.94372E-6,83.500107592,0.743012411,0.065095978,0.854755129,0.85290764
2.9468E-6,83.750160976,0.743376786,0.064045304,0.85711593,0.855188141
2.94979E-6,84.000179607,0.743730578,0.062995868,0.85947673,0.85738521
2.953E-6,84.250161149,0.744110896,0.061947669,0.86176646,0.86016631
2.95623E-6,84.500119082,0.744491451,0.060900708,0.864130351,0.862252134
2.95964E-6,84.750062422,0.744893764,0.059854985,0.866515872,0.864115471
2.96276E-6,85.000282372,0.745260347,0.058809261,0.868827232,0.866562839
2.96595E-6,85.250176468,0.745634864,0.057766013,0.871181853,0.868648664
2.96922E-6,85.500050751,0.74601856,0.056724002,0.873521023,0.870901354
2.97274E-6,85.750208667,0.746430836,0.055681991,0.875869464,0.873098423
2.97614E-6,86.000061149,0.746828434,0.054642455,0.878187004,0.87551798
2.97947E-6,86.250196274,0.74721817,0.05360292,0.880535444,0.87774286
2.98277E-6,86.500013612,0.74760219,0.052565859,0.882871525,0.879912117
2.98624E-6,86.750111714,0.748006615,0.051528798,0.885213785,0.882081375
2.98954E-6,87.000198913,0.748389685,0.050492975,0.887522055,0.884556554
2.99294E-6,87.250261219,0.748784613,0.049458389,0.889814875,0.887059543
2.99637E-6,87.500012063,0.749181772,0.048426279,0.892144775,0.889256612
2.99994E-6,87.750062677,0.749594968,0.047394168,0.894446865,0.891676169
3.00348E-6,88.000099578,0.750003635,0.046363295,0.896727324,0.894262591
3.00734E-6,88.250146667,0.750448266,0.04533366,0.899035594,0.896626526
3.01115E-6,88.500211717,0.750887365,0.044305262,0.901303694,0.899296382
3.01512E-6,88.750301149,0.751342808,0.043278102,0.903596513,0.901715938
3.01947E-6,89.000134083,0.751842096,0.042253417,0.905910963,0.903801763
3.02354E-6,89.250009981,0.752308095,0.041229969,0.908185243,0.906332564
3.02803E-6,89.5002379,0.752820197,0.040206521,0.910450252,0.908918987
3.03247E-6,89.750232087,0.753326628,0.039185548,0.912770882,0.910977
3.03684E-6,90.000285821,0.753824156,0.038165813,0.91500808,0.913674667
3.04137E-6,90.250099839,0.754338247,0.037148553,0.9173009,0.915871736
3.04631E-6,90.500303755,0.75489716,0.036131293,0.91958136,0.918096615
3.05137E-6,90.750000357,0.755468911,0.035117746,0.92189581,0.919987763
3.05609E-6,91.000101849,0.756000715,0.034104199,0.924145368,0.922518564
3.06093E-6,91.250286953,0.756546178,0.033091889,0.926428918,0.924660011
3.06624E-6,91.500279184,0.757141497,0.032082054,0.928666117,0.927190811
3.07153E-6,91.750087553,0.757733839,0.031074694,0.930912585,0.929332258
3.07671E-6,92.000011008,0.758312056,0.030068572,0.933186865,0.931445894
3.08201E-6,92.250051699,0.758903004,0.029063688,0.935430244,0.933726395
3.08799E-6,92.500243642,0.7595672,0.028060041,0.937670532,0.93609033
3.09371E-6,92.750288308,0.760201375,0.027058869,0.939879921,0.938565509
3.10004E-6,93.000212232,0.760901474,0.026060172,0.94214184,0.94054009
3.10661E-6,93.250024606,0.761625462,0.02506395,0.944391399,0.942625914
3.11337E-6,93.500062595,0.762367719,0.024068966,0.946572976,0.94529577
3.12E-6,93.75001668,0.763094037,0.023076457,0.948813265,0.947381595
3.12764E-6,94.000231156,0.76392821,0.022085185,0.951019563,0.949606474
3.13542E-6,94.250122229,0.764773567,0.021097626,0.953194961,0.952053842
3.14362E-6,94.500026748,0.765662751,0.020112542,0.955391989,0.954389966
3.15174E-6,94.750274593,0.766539065,0.019128696,0.957607557,0.95644798
3.15995E-6,95.00021872,0.767422356,0.018148562,0.959773684,0.958756292
3.16906E-6,95.250207958,0.768397869,0.017170903,0.961970712,0.96092555
3.1785E-6,95.500290747,0.76940517,0.01619572,0.96412448,0.963206052
3.18899E-6,95.750207434,0.770519149,0.015224249,0.966309147,0.965236254
3.20004E-6,96.000021865,0.771686368,0.014256491,0.968435104,0.967683622
3.21389E-6,96.250179527,0.773140873,0.013291207,0.970604322,0.969769447
3.2267E-6,96.500066009,0.774478609,0.012330874,0.972773539,0.971549351
3.24035E-6,96.750020811,0.775894779,0.011374254,0.974911856,0.973523931
3.25648E-6,97.000139364,0.777557571,0.010421346,0.977065623,0.975415079
3.2738E-6,97.250231392,0.779328035,0.009473389,0.97916068,0.977639959
3.29192E-6,97.500042372,0.781165936,0.008531619,0.981280456,0.979670162
3.31453E-6,97.7500573,0.783437961,0.007594799,0.983341522,0.981895041
3.34263E-6,98.000328417,0.786228977,0.006664167,0.985368597,0.984203354
3.37495E-6,98.250198858,0.789393902,0.005743435,0.987395672,0.986400423
3.41724E-6,98.500049179,0.793465069,0.004832604,0.989413477,0.98856968
3.47294E-6,98.750303184,0.79870767,0.00393291,0.99135094,0.990989237
3.57498E-6,99.000140631,0.807968557,0.003054255,0.993263684,0.992796952
3.73986E-6,99.250051035,0.822040014,0.002206538,0.995130076,0.994771533
3.9903E-6,99.500245234,0.841467134,0.001404611,0.996891406,0.996579247
4.35973E-6,99.750134365,0.866320767,0.000660848,0.998522954,0.998442584
5.29522E-6,100,0.913195816,0.000001238,0.99999691,1
5.29522E-6,100,0.913195816,0.000001238,1,1
